203.115.104.143,syn_flood,India,54,2024-10-17 16:04:21
158.177.192.113,syn_flood,The Netherlands,54,2024-10-17 16:04:22
12.199.229.205,syn_flood,United States,54,2024-10-17 16:04:22
209.213.35.49,syn_flood,United States,54,2024-10-17 16:04:22
37.210.169.223,syn_flood,Qatar,54,2024-10-17 16:04:22
53.116.19.76,syn_flood,Germany,54,2024-10-17 16:04:22
143.48.244.110,syn_flood,United States,54,2024-10-17 16:04:23
36.178.233.31,syn_flood,China,54,2024-10-17 16:04:23
80.27.113.87,syn_flood,Spain,54,2024-10-17 16:04:23
25.112.182.24,syn_flood,United Kingdom,54,2024-10-17 16:04:24
98.143.225.92,syn_flood,United States,54,2024-10-17 16:04:24
140.27.156.122,syn_flood,United States,54,2024-10-17 16:04:24
62.43.73.65,syn_flood,Spain,54,2024-10-17 16:04:24
67.68.12.158,syn_ack,Canada,54,2024-10-17 16:04:27
180.78.46.140,syn_ack,China,54,2024-10-17 16:04:27
78.2.240.169,syn_ack,Croatia,54,2024-10-17 16:04:28
238.46.177.203,syn_ack,Hidden,54,2024-10-17 16:04:28
133.194.249.36,syn_ack,Japan,54,2024-10-17 16:04:28
234.6.52.17,syn_ack,Hidden,54,2024-10-17 16:04:28
205.132.73.126,syn_ack,United States,54,2024-10-17 16:04:28
134.32.124.85,syn_ack,The Netherlands,54,2024-10-17 16:04:29
239.124.205.137,syn_ack,Hidden,54,2024-10-17 16:04:29
251.16.166.185,syn_ack,Hidden,54,2024-10-17 16:04:29
83.88.243.207,syn_ack,Denmark,54,2024-10-17 16:04:30
183.111.4.59,syn_ack,South Korea,54,2024-10-17 16:04:30
25.14.73.19,syn_ack,United Kingdom,54,2024-10-17 16:04:30
97.72.244.11,pod,United States,1042,2024-10-17 16:04:33
32.229.59.89,pod,United States,1042,2024-10-17 16:04:34
37.224.179.181,pod,Saudi Arabia,1042,2024-10-17 16:04:34
32.34.71.172,pod,United States,1042,2024-10-17 16:04:34
116.51.83.224,pod,Singapore,1042,2024-10-17 16:04:34
242.49.105.123,pod,Hidden,1042,2024-10-17 16:04:35
181.236.137.163,pod,Colombia,1042,2024-10-17 16:04:35
164.199.107.43,pod,United States,1042,2024-10-17 16:04:36
121.201.220.204,pod,China,1042,2024-10-17 16:04:36
235.153.4.3,pod,Hidden,1042,2024-10-17 16:04:36
91.234.140.48,smurf,Ukraine,42,2024-10-17 16:04:40
91.234.140.48,smurf,Ukraine,42,2024-10-17 16:04:40
91.234.140.48,smurf,Ukraine,42,2024-10-17 16:04:40
91.234.140.48,smurf,Ukraine,42,2024-10-17 16:04:40
91.234.140.48,smurf,Ukraine,42,2024-10-17 16:04:41
91.234.140.48,smurf,Ukraine,42,2024-10-17 16:04:41
91.234.140.48,smurf,Ukraine,42,2024-10-17 16:04:41
91.234.140.48,smurf,Ukraine,42,2024-10-17 16:04:41
91.234.140.48,smurf,Ukraine,42,2024-10-17 16:04:41
91.234.140.48,smurf,Ukraine,42,2024-10-17 16:04:41
91.234.140.48,smurf,Ukraine,42,2024-10-17 16:04:41
91.234.140.48,smurf,Ukraine,42,2024-10-17 16:04:42
91.234.140.48,smurf,Ukraine,42,2024-10-17 16:04:42
91.234.140.48,smurf,Ukraine,42,2024-10-17 16:04:42
91.234.140.48,smurf,Ukraine,42,2024-10-17 16:04:42
91.234.140.48,smurf,Ukraine,42,2024-10-17 16:04:42
91.234.140.48,smurf,Ukraine,42,2024-10-17 16:04:42
91.234.140.48,smurf,Ukraine,42,2024-10-17 16:04:43
